,Gross Profit Margin,Operating Profit Margin,ROA,ROE,Asset Turnover,Receivables Turnover Period,Break-even Point
Mitsubishi UFJ,100.0,0.0,0.3692765367518921,0,0.014564600359679634,0.0,0.0
Mizuho,100.0,0.0,0.24365297987741877,0,0.010661517447432342,0.0,0.0
Nomura,100.0,0.0,0.30076412034895045,0,0.024987976271434835,0.0,0.0
Sumitomo Mitsui,100.0,0.0,0.32616066929971554,0,0.015016327526298974,0.0,0.0
